Workbook

Sheet Read me
A1: The Warm Icing Model: every quantum run
A3: One row per run. Runs are never pooled. Each row names its raw counts file in the repository.
A4: Each circuit starts from a copper map that is a false optimum (no single-region change improves the fit). Each shot proposes a new map.
A5: Better-map rate = shots proposing a better-fitting map / shots.
A6: Share of ideal gain = (better-map rate - random guessing) / (ideal - random guessing). 100% = noise-free quantum computer, 0% = random guessing. With 100 to 300 shots this has a wide error bar.
A7: XEB fidelity: how closely all outcomes follow the exact ideal distribution (1 = ideal, 0 = noise). It uses every shot, so it separates machines even at 100 shots.
A8: Blue cells: values counted or computed from the raw counts files. Black: formulas. Green: links to the Circuits sheet.
A10: Notes
A11: IonQ jobs were submitted without debiasing, so each count is a direct hardware measurement.
A12: Rigetti results returned through qBraid list qubit 0 first; they are reversed to Qiskit order before scoring.
A13: Two earlier submissions to IonQ Forte 1 through OpenQuantum on Oct 11 (100 and 1,000 shots) failed before running and returned no data.
A14: Costs: qBraid credits are $0.01 each; total 956.72 credits ($9.57). Qollab: 104.13 credits for the three IonQ hardware runs (25.79 for Forte Enterprise 1, 78.34 for the two Forte 1 runs). IBM runs used 28 s of the free Open Plan. All simulator runs were free.
... A16: To recompute every hardware number: python verify_all.py --specs

Sheet Runs
A1: Circuit (qubits) | B1: Run | C1: Type | D1: Vendor | E1: Access route | F1: Date | G1: Job ID | H1: Shots | I1: Shots proposing a better map | J1: Better-map rate | K1: Random guessing | L1: Ideal quantum computer | M1: Share of ideal gain | N1: XEB fidelity | O1: Cost or usage | P1: Raw counts file
A2: 9 | B2: IonQ Forte-1, run 1 | C2: Real hardware | D2: IonQ | E2: Qollab | F2: 2026-10-10 | G2: 01a12641-6855-7e9f-baa8-d88c7f968604 | H2: 300 | I2: 105 | J2: =I2/H2 -> 0.35 | K2: =Circuits!$B$2 -> 0.115 | L2: =Circuits!$C$2 -> 0.356 | M2: =(J2-K2)/(L2-K2) -> 0.97510373 | N2: 0.957 | O2: 78.34 Qollab credits for runs 1 and 2 together | P2: hardware_9q/counts/counts_ionq_forte_B_start357.json
A3: 9 | B3: IonQ Forte-1, run 2 | C3: Real hardware | D3: IonQ | E3: Qollab | F3: 2026-10-10 | G3: 01a1264d-15e9-7770-b296-cf630736e1e1 | H3: 300 | I3: 86 | J3: =I3/H3 -> 0.28666667 | K3: =Circuits!$B$2 -> 0.115 | L3: =Circuits!$C$2 -> 0.356 | M3: =(J3-K3)/(L3-K3) -> 0.71230982 | N3: 0.65 | O3: included in run 1 figure | P3: hardware_9q/counts/counts_ionq_forte_B_start357_run2.json
A4: 9 | B4: IonQ Forte-1, run 3 | C4: Real hardware | D4: IonQ | E4: qBraid (OpenQuantum) | F4: 2026-10-11 | G4: openquantum:ionq:qpu:forte-1-9d9b-qjob-6acba2dff9565d14eeb9a4c5 | H4: 100 | I4: 31 | J4: =I4/H4 -> 0.31 | K4: =Circuits!$B$2 -> 0.115 | L4: =Circuits!$C$2 -> 0.356 | M4: =(J4-K4)/(L4-K4) -> 0.80912863 | N4: 0.789 | O4: 0 (OpenQuantum free tier) | P4: hardware_9q/counts/counts_ionq_forte1_run3_qbraid_oq_100.json
A5: 9 | B5: IonQ Forte Enterprise 1 | C5: Real hardware | D5: IonQ | E5: Qollab | F5: 2026-10-11 | G5: 01a12b63-5673-7a31-b473-92a8393b8a8f | H5: 100 | I5: 26 | J5: =I5/H5 -> 0.26 | K5: =Circuits!$B$2 -> 0.115 | L5: =Circuits!$C$2 -> 0.356 | M5: =(J5-K5)/(L5-K5) -> 0.60165975 | N5: 0.456 | O5: 25.79 Qollab credits | P5: hardware_9q/counts/counts_ionq_forte_ent1_B_start357_100.json
A6: 9 | B6: IBM Fez | C6: Real hardware | D6: IBM | E6: IBM Quantum | F6: 2026-10-10 | G6: db54ko84qg6s73c2vffg | H6: 2000 | I6: 414 | J6: =I6/H6 -> 0.207 | K6: =Circuits!$B$2 -> 0.115 | L6: =Circuits!$C$2 -> 0.356 | M6: =(J6-K6)/(L6-K6) -> 0.38174274 | N6: 0.117 | O6: 6 s, IBM open plan | P6: hardware_9q/counts/counts_ibm_fez.json
A7: 9 | B7: IBM Kingston, run 1 | C7: Real hardware | D7: IBM | E7: IBM Quantum | F7: 2026-10-10 | G7: db549v4lf4us73c3h7vg | H7: 2000 | I7: 376 | J7: =I7/H7 -> 0.188 | K7: =Circuits!$B$2 -> 0.115 | L7: =Circuits!$C$2 -> 0.356 | M7: =(J7-K7)/(L7-K7) -> 0.30290456 | N7: 0.204 | O7: 6 s, IBM open plan | P7: hardware_9q/counts/counts_ibm_kingston.json
A8: 9 | B8: IBM Kingston, run 2 | C8: Real hardware | D8: IBM | E8: IBM Quantum | F8: 2026-10-11 | G8: db5q0a04qg6s73c3quj0 | H8: 2000 | I8: 281 | J8: =I8/H8 -> 0.1405 | K8: =Circuits!$B$2 -> 0.115 | L8: =Circuits!$C$2 -> 0.356 | M8: =(J8-K8)/(L8-K8) -> 0.10580913 | N8: 0.1 | O8: 6 s, IBM open plan | P8: hardware_9q/counts/counts_ibm_kingston_run2.json
A9: 9 | B9: IBM Marrakesh | C9: Real hardware | D9: IBM | E9: IBM Quantum | F9: 2026-10-10 | G9: db54k04vf2bc73cvd4l0 | H9: 2000 | I9: 291 | J9: =I9/H9 -> 0.1455 | K9: =Circuits!$B$2 -> 0.115 | L9: =Circuits!$C$2 -> 0.356 | M9: =(J9-K9)/(L9-K9) -> 0.12655602 | N9: 0.105 | O9: 6 s, IBM open plan | P9: hardware_9q/counts/counts_ibm_marrakesh.json
A10: 9 | B10: Rigetti Cepheus | C10: Real hardware | D10: Rigetti | E10: qBraid | F10: 2026-10-10 | G10: rigetti:rigetti:qpu:cepheus-1-108q-9d9b-qjob-6aca54aff9565d14eeb50616 | H10: 1000 | I10: 138 | J10: =I10/H10 -> 0.138 | K10: =Circuits!$B$2 -> 0.115 | L10: =Circuits!$C$2 -> 0.356 | M10: =(J10-K10)/(L10-K10) -> 0.095435685 | N10: 0.034 | O10: 60.27 qBraid credits | P10: hardware_9q/counts/counts_rigetti_cepheus.json
A11: 9 | B11: IonQ Forte-1 noise model | C11: Noise-model simulation | D11: IonQ | E11: IonQ cloud simulator | G11: not recorded (IonQ cloud simulator) | H11: 5000 | I11: 1194 | J11: =I11/H11 -> 0.2388 | K11: =Circuits!$B$2 -> 0.115 | L11: =Circuits!$C$2 -> 0.356 | M11: =(J11-K11)/(L11-K11) -> 0.51369295 | N11: 0.457 | O11: free (IonQ cloud simulator) | P11: hardware_9q/counts/counts_ionqsim_5000.json
A12: 9 | B12: IBM Kingston noise model | C12: Noise-model simulation | D12: IBM | E12: Qiskit FakeKingston | G12: none (local simulation) | H12: 2000 | I12: 514 | J12: =I12/H12 -> 0.257 | K12: =Circuits!$B$2 -> 0.115 | L12: =Circuits!$C$2 -> 0.356 | M12: =(J12-K12)/(L12-K12) -> 0.58921162 | N12: 0.502 | O12: free (local) | P12: hardware_9q/counts/counts_fake_kingston_1791639956.json
A13: 12 | B13: IonQ Forte Enterprise 1 | C13: Real hardware | D13: IonQ | E13: qBraid (AWS) | F13: 2026-10-11 | G13: aws:ionq:qpu:forte-enterprise-1-9d9b-qjob-6acacebef9565d14eeb69a86 | H13: 100 | I13: 13 | J13: =I13/H13 -> 0.13 | K13: =Circuits!$B$3 -> 0.04 | L13: =Circuits!$C$3 -> 0.158 | M13: =(J13-K13)/(L13-K13) -> 0.76271186 | N13: 0.491 | O13: 830 qBraid credits | P13: hardware_12q/counts_ionq_forte_ent1_real_100.json
A14: 12 | B14: IBM Kingston | C14: Real hardware | D14: IBM | E14: IBM Quantum | F14: 2026-10-11 | G14: db5dbm2mb58s738abc3g | H14: 2000 | I14: 171 | J14: =I14/H14 -> 0.0855 | K14: =Circuits!$B$3 -> 0.04 | L14: =Circuits!$C$3 -> 0.158 | M14: =(J14-K14)/(L14-K14) -> 0.38559322 | N14: 0.428 | O14: 4 s, IBM open plan | P14: hardware_12q/counts_ibm_kingston_real_2000.json
A15: 12 | B15: Rigetti Cepheus | C15: Real hardware | D15: Rigetti | E15: qBraid | F15: 2026-10-11 | G15: rigetti:rigetti:qpu:cepheus-1-108q-9d9b-qjob-6acad71bf9565d14eeb6b59c | H15: 1000 | I15: 37 | J15: =I15/H15 -> 0.037 | K15: =Circuits!$B$3 -> 0.04 | L15: =Circuits!$C$3 -> 0.158 | M15: =(J15-K15)/(L15-K15) -> -0.025423729 | N15: 0.022 | O15: 65.88 qBraid credits | P15: hardware_12q/counts_rigetti_cepheus_12q_1000.json
A16: 12 | B16: IonQ Forte Ent. noise model, run 1 | C16: Noise-model simulation | D16: IonQ | E16: Qollab (IonQ cloud) | G16: not shown in the Qollab export | H16: 300 | I16: 21 | J16: =I16/H16 -> 0.07 | K16: =Circuits!$B$3 -> 0.04 | L16: =Circuits!$C$3 -> 0.158 | M16: =(J16-K16)/(L16-K16) -> 0.25423729 | N16: 0.375 | O16: free (local) | P16: hardware_12q/counts_ionq_forte_ent_noisemodel_300.json
A17: 12 | B17: IonQ Forte Ent. noise model, run 2 | C17: Noise-model simulation | D17: IonQ | E17: Qollab (IonQ cloud) | G17: not shown in the Qollab export | H17: 300 | I17: 30 | J17: =I17/H17 -> 0.1 | K17: =Circuits!$B$3 -> 0.04 | L17: =Circuits!$C$3 -> 0.158 | M17: =(J17-K17)/(L17-K17) -> 0.50847458 | N17: 0.317 | O17: free (local) | P17: hardware_12q/counts_ionq_forte_ent_noisemodel_300_run2.json
A18: 12 | B18: IonQ Forte Ent. noise model, run 3 | C18: Noise-model simulation | D18: IonQ | E18: Qollab (IonQ cloud) | G18: not shown in the Qollab export | H18: 1000 | I18: 90 | J18: =I18/H18 -> 0.09 | K18: =Circuits!$B$3 -> 0.04 | L18: =Circuits!$C$3 -> 0.158 | M18: =(J18-K18)/(L18-K18) -> 0.42372881 | N18: 0.308 | O18: free (local) | P18: hardware_12q/counts_ionq_forte_ent_noisemodel_1000.json
A19: 12 | B19: IBM Kingston noise model | C19: Noise-model simulation | D19: IBM | E19: Qiskit FakeKingston | G19: none (local simulation) | H19: 300 | I19: 37 | J19: =I19/H19 -> 0.12333333 | K19: =Circuits!$B$3 -> 0.04 | L19: =Circuits!$C$3 -> 0.158 | M19: =(J19-K19)/(L19-K19) -> 0.70621469 | N19: 0.606 | O19: free (local) | P19: hardware_12q/counts_sim_fake_kingston_300.json
A20: 12 | B20: IBM Marrakesh noise model | C20: Noise-model simulation | D20: IBM | E20: Qiskit FakeMarrakesh | G20: none (local simulation) | H20: 300 | I20: 19 | J20: =I20/H20 -> 0.063333333 | K20: =Circuits!$B$3 -> 0.04 | L20: =Circuits!$C$3 -> 0.158 | M20: =(J20-K20)/(L20-K20) -> 0.19774011 | N20: 0.53 | O20: free (local) | P20: hardware_12q/counts_sim_fake_marrakesh_300.json
A21: 12 | B21: IBM Fez noise model | C21: Noise-model simulation | D21: IBM | E21: Qiskit FakeFez | G21: none (local simulation) | H21: 300 | I21: 32 | J21: =I21/H21 -> 0.10666667 | K21: =Circuits!$B$3 -> 0.04 | L21: =Circuits!$C$3 -> 0.158 | M21: =(J21-K21)/(L21-K21) -> 0.56497175 | N21: 0.41 | O21: free (local) | P21: hardware_12q/counts_sim_fake_fez_300.json
A22: 12 | B22: AWS DM1, noiseless | C22: Ideal simulation | D22: AWS | E22: qBraid | F22: 2026-10-11 | G22: aws:aws:sim:dm1-9d9b-qjob-6acad73af9565d14eeb6b666 | H22: 1000 | I22: 141 | J22: =I22/H22 -> 0.141 | K22: =Circuits!$B$3 -> 0.04 | L22: =Circuits!$C$3 -> 0.158 | M22: =(J22-K22)/(L22-K22) -> 0.8559322 | N22: 0.969 | O22: 0.57 qBraid credits | P22: hardware_12q/counts_aws_dm1_sim_1000.json
A23: 12 | B23: Ideal simulator | C23: Ideal simulation | D23: Qiskit | E23: Qiskit Aer | G23: none (local simulation) | H23: 300 | I23: 54 | J23: =I23/H23 -> 0.18 | K23: =Circuits!$B$3 -> 0.04 | L23: =Circuits!$C$3 -> 0.158 | M23: =(J23-K23)/(L23-K23) -> 1.1864407 | N23: 1.171 | O23: free (local) | P23: hardware_12q/counts_sim_ideal_300.json

Sheet Circuits
A1: Circuit (qubits) | B1: Random guessing (better-map rate) | C1: Ideal quantum computer (better-map rate) | D1: ZZ interactions | E1: Trotter steps | F1: gamma | G1: t | H1: Start map (copper-rich regions)
A2: 9 | B2: 0.115 | C2: 0.356 | D2: 108 | E2: 3 | F2: 0.45 | G2: 3 | H2: 1, 4, 5, 7
A3: 12 | B3: 0.04 | C3: 0.158 | D3: 198 | E3: 3 | F3: 0.3 | G3: 3 | H3: 0, 1, 2, 5, 6, 7, 9
